LGA_CODE_2016,LGA_NAME_2016,SA3_CODE_2021,SA3_NAME_2021,RATIO_FROM_TO,INDIV_TO_REGION_QLTY_INDICATOR,OVERALL_QUALITY_INDICATOR,BMOS_NULL_FLAG
10050,Albury (C),10901,Albury,1,Good,Poor,0
10130,Armidale Regional (A),10802,Kempsey - Nambucca,0.0011673,Good,Poor,1
10130,Armidale Regional (A),11002,Inverell - Tenterfield,0.0376482,Good,Poor,0
10130,Armidale Regional (A),11001,Armidale,0.9611846,Good,Poor,0
10250,Ballina (A),11202,Richmond Valley - Hinterland,0.0024964,Good,Poor,1
10250,Ballina (A),11201,Richmond Valley - Coastal,0.9975036,Good,Poor,0
10300,Balranald (A),10902,Lower Murray,1,Good,Poor,0
10470,Bathurst Regional (A),10303,Lithgow - Mudgee,0.000366,Good,Poor,1
10470,Bathurst Regional (A),10301,Bathurst,0.999634,Good,Poor,0
10550,Bega Valley (A),10104,South Coast,1,Good,Poor,0
10600,Bellingen (A),10802,Kempsey - Nambucca,0.000239,Good,Poor,1
10600,Bellingen (A),10402,Coffs Harbour,0.999761,Good,Poor,0
10650,Berrigan (A),10903,Upper Murray exc. Albury,1,Good,Poor,0
10750,Blacktown (C),12503,Merrylands - Guildford,1.79E-05,Poor,Poor,1
10750,Blacktown (C),11602,Blacktown - North,0.2733926,Poor,Poor,0
10750,Blacktown (C),11603,Mount Druitt,0.3336095,Poor,Poor,0
10750,Blacktown (C),11601,Blacktown,0.39298,Poor,Poor,0
10800,Bland (A),11301,Griffith - Murrumbidgee (West),0.004864,Good,Poor,1
10800,Bland (A),10302,Lachlan Valley,0.995136,Good,Poor,0
10850,Blayney (A),10304,Orange,1,Good,Poor,0
10900,Blue Mountains (C),11503,Hawkesbury,0.0025769,Poor,Poor,1
10900,Blue Mountains (C),12401,Blue Mountains,0.9974231,Good,Poor,0
10950,Bogan (A),10501,Bourke - Cobar - Coonamble,1,Good,Poor,0
11100,Botany Bay (C),11701,Botany,1,Good,Poor,0
11150,Bourke (A),10501,Bourke - Cobar - Coonamble,1,Good,Poor,0
11200,Brewarrina (A),10501,Bourke - Cobar - Coonamble,1,Good,Poor,0
11250,Broken Hill (C),10502,Broken Hill and Far West,1,Good,Poor,0
11300,Burwood (A),12003,Strathfield - Burwood - Ashfield,1,Poor,Poor,0
11350,Byron (A),11202,Richmond Valley - Hinterland,0.0058866,Good,Poor,1
11350,Byron (A),11201,Richmond Valley - Coastal,0.9941134,Good,Poor,0
11400,Cabonne (A),10503,Dubbo,0.0381948,Good,Poor,0
11400,Cabonne (A),10302,Lachlan Valley,0.2184788,Good,Poor,0
11400,Cabonne (A),10304,Orange,0.7433264,Good,Poor,0
11450,Camden (A),12701,Bringelly - Green Valley,0.2274091,Poor,Poor,0
11450,Camden (A),12301,Camden,0.7725908,Poor,Poor,0
11500,Campbelltown (C) (NSW),12701,Bringelly - Green Valley,0.0004527,Poor,Poor,1
11500,Campbelltown (C) (NSW),12302,Campbelltown (NSW),0.9995473,Good,Poor,0
11520,Canada Bay (A),12003,Strathfield - Burwood - Ashfield,0.0302489,Poor,Poor,0
11520,Canada Bay (A),12001,Canada Bay,0.9697511,Good,Poor,0
11570,Canterbury-Bankstown (A),12501,Auburn,0.0020452,Poor,Poor,1
11570,Canterbury-Bankstown (A),11903,Hurstville,0.0248515,Acceptable,Poor,0
11570,Canterbury-Bankstown (A),12003,Strathfield - Burwood - Ashfield,0.0430817,Poor,Poor,0
11570,Canterbury-Bankstown (A),12503,Merrylands - Guildford,0.0533589,Poor,Poor,0
11570,Canterbury-Bankstown (A),11902,Canterbury,0.3869448,Poor,Poor,0
11570,Canterbury-Bankstown (A),11901,Bankstown,0.4897179,Poor,Poor,0
11600,Carrathool (A),10902,Lower Murray,0.0102456,Good,Poor,0
11600,Carrathool (A),11301,Griffith - Murrumbidgee (West),0.9897544,Good,Poor,0
11650,Central Coast (C) (NSW),10202,Wyong,0.484381,Poor,Poor,0
11650,Central Coast (C) (NSW),10201,Gosford,0.515619,Poor,Poor,0
11700,Central Darling (A),10502,Broken Hill and Far West,1,Good,Poor,0
11720,Cessnock (C),10602,Maitland,0.0021751,Good,Poor,1
11720,Cessnock (C),10601,Lower Hunter,0.9978249,Good,Poor,0
11730,Clarence Valley (A),10402,Coffs Harbour,0.007892,Good,Poor,1
11730,Clarence Valley (A),10401,Clarence Valley,0.992108,Good,Poor,0
11750,Cobar (A),10501,Bourke - Cobar - Coonamble,1,Good,Poor,0
11800,Coffs Harbour (C),10402,Coffs Harbour,1,Good,Poor,0
12000,Coolamon (A),11303,Wagga Wagga,1,Good,Poor,0
12150,Coonamble (A),10501,Bourke - Cobar - Coonamble,1,Good,Poor,0
12350,Cowra (A),10304,Orange,0.0009625,Good,Poor,1
12350,Cowra (A),10302,Lachlan Valley,0.9990375,Good,Poor,0
12380,Cumberland (A),11601,Blacktown,0.0081909,Poor,Poor,1
12380,Cumberland (A),12504,Parramatta,0.1303573,Poor,Poor,0
12380,Cumberland (A),12501,Auburn,0.3251501,Poor,Poor,0
12380,Cumberland (A),12503,Merrylands - Guildford,0.5363017,Poor,Poor,0
12700,Dungog (A),10601,Lower Hunter,1,Good,Poor,0
12730,Edward River (A),10903,Upper Murray exc. Albury,1,Good,Poor,0
12750,Eurobodalla (A),10104,South Coast,1,Good,Poor,0
12850,Fairfield (C),12503,Merrylands - Guildford,0.0770135,Poor,Poor,0
12850,Fairfield (C),12702,Fairfield,0.9229865,Good,Poor,0
12870,Federation (A),11301,Griffith - Murrumbidgee (West),0.0134611,Good,Poor,0
12870,Federation (A),10903,Upper Murray exc. Albury,0.9865389,Good,Poor,0
12900,Forbes (A),10302,Lachlan Valley,1,Good,Poor,0
12930,Georges River (A),11904,Kogarah - Rockdale,0.1922868,Acceptable,Poor,0
12930,Georges River (A),11903,Hurstville,0.8077132,Acceptable,Poor,0
12950,Gilgandra (A),10503,Dubbo,1,Good,Poor,0
13010,Glen Innes Severn (A),11002,Inverell - Tenterfield,1,Good,Poor,0
13310,Goulburn Mulwaree (A),10102,Queanbeyan,0.0224119,Good,Poor,0
13310,Goulburn Mulwaree (A),10105,Goulburn - Mulwaree,0.9775881,Good,Poor,0
13340,Greater Hume Shire (A),11302,Tumut - Tumbarumba,0.00406,Good,Poor,1
13340,Greater Hume Shire (A),10903,Upper Murray exc. Albury,0.0123722,Good,Poor,0
13340,Greater Hume Shire (A),10901,Albury,0.9835678,Good,Poor,0
13450,Griffith (C),11301,Griffith - Murrumbidgee (West),1,Good,Poor,0
13510,Gundagai (A),11303,Wagga Wagga,1,Good,Poor,0
13550,Gunnedah (A),11004,Tamworth - Gunnedah,1,Good,Poor,0
13660,Gwydir (A),11004,Tamworth - Gunnedah,0.0007662,Good,Poor,1
13660,Gwydir (A),11003,Moree - Narrabri,0.0944125,Good,Poor,0
13660,Gwydir (A),11002,Inverell - Tenterfield,0.9048212,Good,Poor,0
13800,Hawkesbury (C),11502,Dural - Wisemans Ferry,0.0008062,Poor,Poor,1
13800,Hawkesbury (C),11504,Rouse Hill - McGraths Hill,0.1569171,Poor,Poor,0
13800,Hawkesbury (C),11503,Hawkesbury,0.3784486,Poor,Poor,0
13800,Hawkesbury (C),12404,Richmond - Windsor,0.4638281,Poor,Poor,0
13850,Hay (A),10902,Lower Murray,1,Good,Poor,0
13910,Hilltops (A),10106,Young - Yass,1,Good,Poor,0
14000,Hornsby (A),11502,Dural - Wisemans Ferry,0.0873762,Poor,Poor,0
14000,Hornsby (A),11501,Baulkham Hills,0.1731219,Poor,Poor,0
14000,Hornsby (A),12601,Pennant Hills - Epping,0.1757603,Poor,Poor,0
14000,Hornsby (A),12102,Hornsby,0.5637416,Poor,Poor,0
14100,Hunters Hill (A),12602,Ryde - Hunters Hill,1,Good,Poor,0
14170,Inner West (A),11703,Sydney Inner City,0.0611181,Good,Poor,0
14170,Inner West (A),11702,Marrickville - Sydenham - Petersham,0.3006446,Poor,Poor,0
14170,Inner West (A),12002,Leichhardt,0.3078451,Poor,Poor,0
14170,Inner West (A),12003,Strathfield - Burwood - Ashfield,0.3303922,Poor,Poor,0
14200,Inverell (A),11002,Inverell - Tenterfield,1,Good,Poor,0
14300,Junee (A),11303,Wagga Wagga,1,Good,Poor,0
14350,Kempsey (A),10802,Kempsey - Nambucca,1,Good,Poor,0
14400,Kiama (A),11401,Shoalhaven,5.00E-07,Good,Poor,1
14400,Kiama (A),11402,Southern Highlands,0.0040571,Good,Poor,1
14400,Kiama (A),10703,Kiama - Shellharbour,0.9959424,Good,Poor,0
14500,Ku-ring-gai (A),12102,Hornsby,0.001178,Poor,Poor,1
14500,Ku-ring-gai (A),12103,Ku-ring-gai,0.998822,Good,Poor,0
14550,Kyogle (A),11202,Richmond Valley - Hinterland,1,Good,Poor,0
14600,Lachlan (A),10302,Lachlan Valley,1,Good,Poor,0
14650,Lake Macquarie (C),11103,Newcastle,0.0135566,Good,Poor,0
14650,Lake Macquarie (C),11102,Lake Macquarie - West,0.3811514,Poor,Poor,0
14650,Lake Macquarie (C),11101,Lake Macquarie - East,0.6052921,Poor,Poor,0
14700,Lane Cove (A),12101,Chatswood - Lane Cove,1,Good,Poor,0
14750,Leeton (A),11301,Griffith - Murrumbidgee (West),1,Good,Poor,0
14850,Lismore (C),11201,Richmond Valley - Coastal,0.0018999,Good,Poor,1
14850,Lismore (C),11202,Richmond Valley - Hinterland,0.9981001,Good,Poor,0
14870,Lithgow (C),10303,Lithgow - Mudgee,1,Good,Poor,0
14900,Liverpool (C),12702,Fairfield,0.0025983,Good,Poor,1
14900,Liverpool (C),12403,Penrith,0.0037403,Poor,Poor,1
14900,Liverpool (C),12302,Campbelltown (NSW),0.0061121,Good,Poor,1
14900,Liverpool (C),12701,Bringelly - Green Valley,0.4182987,Poor,Poor,0
14900,Liverpool (C),12703,Liverpool,0.5692506,Poor,Poor,0
14920,Liverpool Plains (A),11004,Tamworth - Gunnedah,1,Good,Poor,0
14950,Lockhart (A),10901,Albury,0.0032057,Good,Poor,1
14950,Lockhart (A),11303,Wagga Wagga,0.9967943,Good,Poor,0
15050,Maitland (C),10601,Lower Hunter,0.0034121,Good,Poor,1
15050,Maitland (C),11103,Newcastle,0.0390314,Good,Poor,0
15050,Maitland (C),10602,Maitland,0.9575564,Good,Poor,0
15240,Mid-Coast (A),10804,Port Macquarie,0.0002665,Good,Poor,1
15240,Mid-Coast (A),10603,Port Stephens,0.0574622,Acceptable,Poor,0
15240,Mid-Coast (A),10801,Great Lakes,0.3459138,Poor,Poor,0
15240,Mid-Coast (A),10805,Taree - Gloucester,0.5963575,Poor,Poor,0
15270,Mid-Western Regional (A),10303,Lithgow - Mudgee,1,Good,Poor,0
15300,Moree Plains (A),11003,Moree - Narrabri,1,Good,Poor,0
15350,Mosman (A),12104,North Sydney - Mosman,1,Good,Poor,0
15520,Murray River (A),10902,Lower Murray,0.0423875,Good,Poor,0
15520,Murray River (A),10903,Upper Murray exc. Albury,0.9576125,Good,Poor,0
15560,Murrumbidgee (A),10903,Upper Murray exc. Albury,0.3302847,Good,Poor,0
15560,Murrumbidgee (A),11301,Griffith - Murrumbidgee (West),0.6697153,Good,Poor,0
15650,Muswellbrook (A),10604,Upper Hunter,1,Good,Poor,0
15700,Nambucca (A),10402,Coffs Harbour,0.0002086,Good,Poor,1
15700,Nambucca (A),10802,Kempsey - Nambucca,0.9997914,Good,Poor,0
15750,Narrabri (A),11004,Tamworth - Gunnedah,0.0839754,Good,Poor,0
15750,Narrabri (A),11003,Moree - Narrabri,0.9160246,Good,Poor,0
15800,Narrandera (A),11301,Griffith - Murrumbidgee (West),1,Good,Poor,0
15850,Narromine (A),10503,Dubbo,1,Good,Poor,0
15900,Newcastle (C),11101,Lake Macquarie - East,0.0036068,Poor,Poor,1
15900,Newcastle (C),11103,Newcastle,0.9963932,Good,Poor,0
15950,North Sydney (A),12101,Chatswood - Lane Cove,0.0294129,Good,Poor,0
15950,North Sydney (A),12104,North Sydney - Mosman,0.9705871,Good,Poor,0
15990,Northern Beaches (A),12201,Manly,0.1657657,Poor,Poor,0
15990,Northern Beaches (A),12202,Pittwater,0.2388279,Poor,Poor,0
15990,Northern Beaches (A),12203,Warringah,0.5954064,Poor,Poor,0
16100,Oberon (A),10301,Bathurst,1,Good,Poor,0
16150,Orange (C),10304,Orange,1,Good,Poor,0
16200,Parkes (A),10302,Lachlan Valley,1,Good,Poor,0
16260,Parramatta (C),11601,Blacktown,1.34E-05,Poor,Poor,1
16260,Parramatta (C),12503,Merrylands - Guildford,0.0069169,Poor,Poor,1
16260,Parramatta (C),12602,Ryde - Hunters Hill,0.0203086,Good,Poor,0
16260,Parramatta (C),12501,Auburn,0.082963,Poor,Poor,0
16260,Parramatta (C),12601,Pennant Hills - Epping,0.1005092,Poor,Poor,0
16260,Parramatta (C),12502,Carlingford,0.2944691,Poor,Poor,0
16260,Parramatta (C),12504,Parramatta,0.4948198,Poor,Poor,0
16350,Penrith (C),12702,Fairfield,0.0092762,Good,Poor,1
16350,Penrith (C),12404,Richmond - Windsor,0.0284467,Poor,Poor,0
16350,Penrith (C),12405,St Marys,0.2775753,Poor,Poor,0
16350,Penrith (C),12403,Penrith,0.6847019,Poor,Poor,0
16380,Port Macquarie-Hastings (A),10804,Port Macquarie,1,Good,Poor,0
16400,Port Stephens (A),11103,Newcastle,0.0477091,Good,Poor,0
16400,Port Stephens (A),10603,Port Stephens,0.9522909,Acceptable,Poor,0
16490,Queanbeyan-Palerang Regional (A),10105,Goulburn - Mulwaree,0.003271,Good,Poor,1
16490,Queanbeyan-Palerang Regional (A),10102,Queanbeyan,0.996729,Good,Poor,0
16550,Randwick (C),11701,Botany,4.29E-05,Good,Poor,1
16550,Randwick (C),11802,Eastern Suburbs - South,0.9999571,Good,Poor,0
16610,Richmond Valley (A),11201,Richmond Valley - Coastal,0.2264902,Good,Poor,0
16610,Richmond Valley (A),11202,Richmond Valley - Hinterland,0.7735098,Good,Poor,0
16650,Rockdale (C),11904,Kogarah - Rockdale,1,Acceptable,Poor,0
16700,Ryde (C),12101,Chatswood - Lane Cove,0.0030081,Good,Poor,1
16700,Ryde (C),12602,Ryde - Hunters Hill,0.9969919,Good,Poor,0
16900,Shellharbour (C),10703,Kiama - Shellharbour,1,Good,Poor,0
16950,Shoalhaven (C),10104,South Coast,0.0015799,Good,Poor,1
16950,Shoalhaven (C),11401,Shoalhaven,0.9984201,Good,Poor,0
17000,Singleton (A),10601,Lower Hunter,1,Good,Poor,0
17040,Snowy Monaro Regional (A),10102,Queanbeyan,0.042199,Good,Poor,0
17040,Snowy Monaro Regional (A),10103,Snowy Mountains,0.957801,Good,Poor,0
17080,Snowy Valleys (A),11302,Tumut - Tumbarumba,1,Good,Poor,0
17100,Strathfield (A),11902,Canterbury,0.0353836,Poor,Poor,0
17100,Strathfield (A),11901,Bankstown,0.0387184,Poor,Poor,0
17100,Strathfield (A),12003,Strathfield - Burwood - Ashfield,0.9258979,Poor,Poor,0
17150,Sutherland Shire (A),12703,Liverpool,0.0027012,Poor,Poor,1
17150,Sutherland Shire (A),12802,Sutherland - Menai - Heathcote,0.4946851,Poor,Poor,0
17150,Sutherland Shire (A),12801,Cronulla - Miranda - Caringbah,0.5026137,Poor,Poor,0
17200,Sydney (C),11702,Marrickville - Sydenham - Petersham,1.00E-07,Poor,Poor,1
17200,Sydney (C),11801,Eastern Suburbs - North,0.0256125,Good,Poor,0
17200,Sydney (C),11703,Sydney Inner City,0.9743874,Good,Poor,0
17310,Tamworth Regional (A),11002,Inverell - Tenterfield,0.0003032,Good,Poor,1
17310,Tamworth Regional (A),11001,Armidale,0.0026946,Good,Poor,1
17310,Tamworth Regional (A),11004,Tamworth - Gunnedah,0.9970022,Good,Poor,0
17350,Temora (A),11303,Wagga Wagga,1,Good,Poor,0
17400,Tenterfield (A),11002,Inverell - Tenterfield,1,Good,Poor,0
17420,The Hills Shire (A),12504,Parramatta,0.0037248,Poor,Poor,1
17420,The Hills Shire (A),11601,Blacktown,0.0056475,Poor,Poor,1
17420,The Hills Shire (A),11502,Dural - Wisemans Ferry,0.0870566,Poor,Poor,0
17420,The Hills Shire (A),11504,Rouse Hill - McGraths Hill,0.146688,Poor,Poor,0
17420,The Hills Shire (A),11501,Baulkham Hills,0.756883,Poor,Poor,0
17550,Tweed (A),11203,Tweed Valley,1,Good,Poor,0
17620,Upper Hunter Shire (A),10303,Lithgow - Mudgee,7.00E-07,Good,Poor,1
17620,Upper Hunter Shire (A),10604,Upper Hunter,0.9999993,Good,Poor,0
17640,Upper Lachlan Shire (A),10106,Young - Yass,0.1683227,Good,Poor,0
17640,Upper Lachlan Shire (A),10105,Goulburn - Mulwaree,0.8316773,Good,Poor,0
17650,Uralla (A),11002,Inverell - Tenterfield,0.0850498,Good,Poor,0
17650,Uralla (A),11001,Armidale,0.9149502,Good,Poor,0
17750,Wagga Wagga (C),11303,Wagga Wagga,1,Good,Poor,0
17850,Walcha (A),11001,Armidale,1,Good,Poor,0
17900,Walgett (A),10501,Bourke - Cobar - Coonamble,1,Good,Poor,0
17950,Warren (A),10503,Dubbo,0.0824811,Good,Poor,0
17950,Warren (A),10501,Bourke - Cobar - Coonamble,0.9175189,Good,Poor,0
18020,Warrumbungle Shire (A),10303,Lithgow - Mudgee,0.1519322,Good,Poor,0
18020,Warrumbungle Shire (A),10503,Dubbo,0.8480678,Good,Poor,0
18050,Waverley (A),11801,Eastern Suburbs - North,1,Good,Poor,0
18100,Weddin (A),10302,Lachlan Valley,1,Good,Poor,0
18200,Wentworth (A),10902,Lower Murray,1,Good,Poor,0
18230,Western Plains Regional (A),10303,Lithgow - Mudgee,0.0002004,Good,Poor,1
18230,Western Plains Regional (A),10304,Orange,0.0005803,Good,Poor,1
18230,Western Plains Regional (A),10503,Dubbo,0.9992193,Good,Poor,0
18250,Willoughby (C),12103,Ku-ring-gai,0.0061355,Good,Poor,1
18250,Willoughby (C),12101,Chatswood - Lane Cove,0.9938645,Good,Poor,0
18350,Wingecarribee (A),11401,Shoalhaven,2.00E-07,Good,Poor,1
18350,Wingecarribee (A),10105,Goulburn - Mulwaree,0.0001256,Good,Poor,1
18350,Wingecarribee (A),12303,Wollondilly,0.0018567,Acceptable,Poor,1
18350,Wingecarribee (A),11402,Southern Highlands,0.9980175,Good,Poor,0
18400,Wollondilly (A),10702,Illawarra Catchment Reserve,2.00E-07,Poor,Poor,1
18400,Wollondilly (A),12402,Blue Mountains - South,2.00E-07,Poor,Poor,1
18400,Wollondilly (A),10704,Wollongong,0.0006396,Poor,Poor,1
18400,Wollondilly (A),12301,Camden,0.0460809,Poor,Poor,0
18400,Wollondilly (A),12403,Penrith,0.1071182,Poor,Poor,0
18400,Wollondilly (A),12303,Wollondilly,0.8461608,Acceptable,Poor,0
18450,Wollongong (C),10701,Dapto - Port Kembla,0.3713361,Poor,Poor,0
18450,Wollongong (C),10704,Wollongong,0.6286639,Poor,Poor,0
18500,Woollahra (A),11801,Eastern Suburbs - North,1,Good,Poor,0
18710,Yass Valley (A),11302,Tumut - Tumbarumba,6.00E-07,Good,Poor,1
18710,Yass Valley (A),10105,Goulburn - Mulwaree,0.0001863,Good,Poor,1
18710,Yass Valley (A),10106,Young - Yass,0.9998131,Good,Poor,0
19399,Unincorporated NSW,10803,Lord Howe Island,0.3164235,Poor,Poor,0
19399,Unincorporated NSW,10502,Broken Hill and Far West,0.6835765,Good,Poor,0
19499,No usual address (NSW),19999,No usual address (NSW),1,Good,Poor,0
19799,Migratory - Offshore - Shipping (NSW),19797,Migratory - Offshore - Shipping (NSW),1,Good,Poor,0
20110,Alpine (S),20403,Wodonga - Alpine,1,Good,Poor,0
20260,Ararat (RC),20103,Maryborough - Pyrenees,0.0176869,Acceptable,Poor,0
20260,Ararat (RC),21501,Grampians,0.9823131,Good,Poor,0
20570,Ballarat (C),20103,Maryborough - Pyrenees,0.0027215,Acceptable,Poor,1
20570,Ballarat (C),20102,Creswick - Daylesford - Ballan,0.0172164,Poor,Poor,0
20570,Ballarat (C),20101,Ballarat,0.9800621,Good,Poor,0
20660,Banyule (C),20901,Banyule,1,Good,Poor,0
20740,Bass Coast (S),20503,Gippsland - South West,1,Good,Poor,0
20830,Baw Baw (S),20504,Latrobe Valley,0.0007656,Good,Poor,1
20830,Baw Baw (S),20503,Gippsland - South West,0.0013245,Good,Poor,1
20830,Baw Baw (S),20501,Baw Baw,0.9979099,Good,Poor,0
20910,Bayside (C),20801,Bayside,1,Good,Poor,0
21010,Benalla (RC),20402,Wangaratta - Benalla,1,Good,Poor,0
21110,Boroondara (C),20701,Boroondara,1,Good,Poor,0
21180,Brimbank (C),21001,Keilor,0.0436038,Poor,Poor,0
21180,Brimbank (C),21301,Brimbank,0.9563962,Good,Poor,0
21270,Buloke (S),21503,Murray River - Swan Hill,1,Good,Poor,0
21370,Campaspe (S),21601,Campaspe,1,Good,Poor,0
21450,Cardinia (S),21105,Yarra Ranges,0.0019652,Good,Poor,1
21450,Cardinia (S),21201,Cardinia,0.9980348,Good,Poor,0
21610,Casey (C),21202,Casey - North,0.4380921,Poor,Poor,0
21610,Casey (C),21203,Casey - South,0.5619079,Poor,Poor,0
21670,Central Goldfields (S),20202,Heathcote - Castlemaine - Kyneton,0.0013158,Poor,Poor,1
21670,Central Goldfields (S),20103,Maryborough - Pyrenees,0.9986842,Acceptable,Poor,0
21750,Colac-Otway (S),21703,Colac - Corangamite,1,Good,Poor,0
21830,Corangamite (S),21704,Warrnambool,0.0088028,Good,Poor,1
21830,Corangamite (S),21703,Colac - Corangamite,0.9911972,Good,Poor,0
21890,Darebin (C),20602,Darebin - South,0.3556419,Poor,Poor,0
21890,Darebin (C),20902,Darebin - North,0.6443581,Poor,Poor,0
22110,East Gippsland (S),20502,Gippsland - East,1,Good,Poor,0
22170,Frankston (C),21401,Frankston,1,Good,Poor,0
22250,Gannawarra (S),21503,Murray River - Swan Hill,1,Good,Poor,0
22310,Glen Eira (C),20802,Glen Eira,1,Good,Poor,0
22410,Glenelg (S),21701,Glenelg - Southern Grampians,1,Good,Poor,0
22490,Golden Plains (S),20101,Ballarat,0.1813162,Good,Poor,0
22490,Golden Plains (S),20103,Maryborough - Pyrenees,0.2060054,Acceptable,Poor,0
22490,Golden Plains (S),20301,Barwon - West,0.6126784,Poor,Poor,0
22620,Greater Bendigo (C),20203,Loddon - Elmore,0.0380152,Poor,Poor,0
22620,Greater Bendigo (C),20202,Heathcote - Castlemaine - Kyneton,0.107534,Poor,Poor,0
22620,Greater Bendigo (C),20201,Bendigo,0.8544508,Acceptable,Poor,0
22670,Greater Dandenong (C),21204,Dandenong,1,Acceptable,Poor,0
22750,Greater Geelong (C),20303,Surf Coast - Bellarine Peninsula,0.194198,Poor,Poor,0
22750,Greater Geelong (C),20302,Geelong,0.805802,Acceptable,Poor,0
22830,Greater Shepparton (C),20402,Wangaratta - Benalla,0.0005185,Good,Poor,1
22830,Greater Shepparton (C),21601,Campaspe,0.002418,Good,Poor,1
22830,Greater Shepparton (C),21603,Shepparton,0.9970634,Good,Poor,0
22910,Hepburn (S),20103,Maryborough - Pyrenees,0.000655,Acceptable,Poor,1
22910,Hepburn (S),20102,Creswick - Daylesford - Ballan,0.999345,Poor,Poor,0
22980,Hindmarsh (S),21501,Grampians,1,Good,Poor,0
23110,Hobsons Bay (C),21305,Wyndham,0.0536716,Good,Poor,0
23110,Hobsons Bay (C),21302,Hobsons Bay,0.9463284,Good,Poor,0
23190,Horsham (RC),21501,Grampians,1,Good,Poor,0
23270,Hume (C),21001,Keilor,1.00E-07,Poor,Poor,1
23270,Hume (C),21004,Sunbury,0.1878571,Poor,Poor,0
23270,Hume (C),21005,Tullamarine - Broadmeadows,0.8121429,Acceptable,Poor,0
23350,Indigo (S),20402,Wangaratta - Benalla,0.2417217,Good,Poor,0
23350,Indigo (S),20403,Wodonga - Alpine,0.7582783,Good,Poor,0
23430,Kingston (C) (Vic.),21204,Dandenong,0.2282618,Acceptable,Poor,0
23430,Kingston (C) (Vic.),20803,Kingston,0.7717382,Acceptable,Poor,0
23670,Knox (C),21101,Knox,1,Good,Poor,0
23810,Latrobe (C) (Vic.),20503,Gippsland - South West,0.0007123,Good,Poor,1
23810,Latrobe (C) (Vic.),20501,Baw Baw,0.0028758,Good,Poor,1
23810,Latrobe (C) (Vic.),20504,Latrobe Valley,0.996412,Good,Poor,0
23940,Loddon (S),20202,Heathcote - Castlemaine - Kyneton,0.0165165,Poor,Poor,0
23940,Loddon (S),20103,Maryborough - Pyrenees,0.0274874,Acceptable,Poor,0
23940,Loddon (S),20203,Loddon - Elmore,0.9559962,Poor,Poor,0
24130,Macedon Ranges (S),20202,Heathcote - Castlemaine - Kyneton,0.3581693,Poor,Poor,0
24130,Macedon Ranges (S),21002,Macedon Ranges,0.6418307,Poor,Poor,0
24210,Manningham (C),21104,Whitehorse - East,0.0025227,Poor,Poor,1
24210,Manningham (C),21102,Manningham - East,0.2199255,Poor,Poor,0
24210,Manningham (C),20702,Manningham - West,0.7775518,Acceptable,Poor,0
24250,Mansfield (S),20401,Upper Goulburn Valley,1,Acceptable,Poor,0
24330,Maribyrnong (C),21303,Maribyrnong,1,Good,Poor,0
24410,Maroondah (C),21104,Whitehorse - East,0.0039755,Poor,Poor,1
24410,Maroondah (C),21103,Maroondah,0.9960245,Good,Poor,0
24600,Melbourne (C),20605,Port Phillip,2.27E-05,Good,Poor,1
24600,Melbourne (C),20604,Melbourne City,0.9999773,Good,Poor,0
24650,Melton (C),21004,Sunbury,0.0173715,Poor,Poor,0
24650,Melton (C),21304,Melton - Bacchus Marsh,0.9826285,Good,Poor,0
24780,Mildura (RC),21502,Mildura,1,Good,Poor,0
24850,Mitchell (S),20904,Whittlesea - Wallan,0.3965643,Good,Poor,0
24850,Mitchell (S),20401,Upper Goulburn Valley,0.6034357,Acceptable,Poor,0
24900,Moira (S),21602,Moira,1,Good,Poor,0
24970,Monash (C),20802,Glen Eira,0.0413137,Good,Poor,0
24970,Monash (C),21205,Monash,0.9586863,Good,Poor,0
25060,Moonee Valley (C),21001,Keilor,0.4292996,Poor,Poor,0
25060,Moonee Valley (C),20603,Essendon,0.5707004,Poor,Poor,0
25150,Moorabool (S),20101,Ballarat,0.0063535,Good,Poor,1
25150,Moorabool (S),20102,Creswick - Daylesford - Ballan,0.3533861,Poor,Poor,0
25150,Moorabool (S),21304,Melton - Bacchus Marsh,0.6402605,Good,Poor,0
25250,Moreland (C),20607,Yarra,0.0049208,Good,Poor,1
25250,Moreland (C),21003,Moreland - North,0.465038,Poor,Poor,0
25250,Moreland (C),20601,Brunswick - Coburg,0.5300412,Poor,Poor,0
25340,Mornington Peninsula (S),21402,Mornington Peninsula,1,Good,Poor,0
25430,Mount Alexander (S),20103,Maryborough - Pyrenees,0.0002228,Acceptable,Poor,1
25430,Mount Alexander (S),20202,Heathcote - Castlemaine - Kyneton,0.9997772,Poor,Poor,0
25490,Moyne (S),21701,Glenelg - Southern Grampians,0.0049191,Good,Poor,1
25490,Moyne (S),21703,Colac - Corangamite,0.008138,Good,Poor,1
25490,Moyne (S),21704,Warrnambool,0.986943,Good,Poor,0
25620,Murrindindi (S),20903,Nillumbik - Kinglake,0.2792251,Good,Poor,0
25620,Murrindindi (S),20401,Upper Goulburn Valley,0.7207749,Acceptable,Poor,0
25710,Nillumbik (S),20903,Nillumbik - Kinglake,1,Good,Poor,0
25810,Northern Grampians (S),21501,Grampians,1,Good,Poor,0
25900,Port Phillip (C),20605,Port Phillip,1,Good,Poor,0
25990,Pyrenees (S),21501,Grampians,0.0061029,Good,Poor,1
25990,Pyrenees (S),20103,Maryborough - Pyrenees,0.9938971,Acceptable,Poor,0
26080,Queenscliffe (B),20303,Surf Coast - Bellarine Peninsula,1,Poor,Poor,0
26170,South Gippsland (S),20501,Baw Baw,0.0004541,Good,Poor,1
26170,South Gippsland (S),20504,Latrobe Valley,0.0026531,Good,Poor,1
26170,South Gippsland (S),20503,Gippsland - South West,0.9968928,Good,Poor,0
26260,Southern Grampians (S),21704,Warrnambool,0.0011963,Good,Poor,1
26260,Southern Grampians (S),21701,Glenelg - Southern Grampians,0.9988037,Good,Poor,0
26350,Stonnington (C),20804,Stonnington - East,0.3988027,Poor,Poor,0
26350,Stonnington (C),20606,Stonnington - West,0.6011973,Poor,Poor,0
26430,Strathbogie (S),20402,Wangaratta - Benalla,0.0023347,Good,Poor,1
26430,Strathbogie (S),20401,Upper Goulburn Valley,0.9976653,Acceptable,Poor,0
26490,Surf Coast (S),21703,Colac - Corangamite,0.0008149,Good,Poor,1
26490,Surf Coast (S),20301,Barwon - West,0.1948992,Poor,Poor,0
26490,Surf Coast (S),20303,Surf Coast - Bellarine Peninsula,0.804286,Poor,Poor,0
26610,Swan Hill (RC),21503,Murray River - Swan Hill,1,Good,Poor,0
26670,Towong (S),20403,Wodonga - Alpine,1,Good,Poor,0
26700,Wangaratta (RC),20402,Wangaratta - Benalla,1,Good,Poor,0
26730,Warrnambool (C),21704,Warrnambool,1,Good,Poor,0
26810,Wellington (S),20502,Gippsland - East,0.0026353,Good,Poor,1
26810,Wellington (S),20505,Wellington,0.9973647,Good,Poor,0
26890,West Wimmera (S),21501,Grampians,1,Good,Poor,0
26980,Whitehorse (C),21104,Whitehorse - East,0.3715074,Poor,Poor,0
26980,Whitehorse (C),20703,Whitehorse - West,0.6284926,Poor,Poor,0
27070,Whittlesea (C),20904,Whittlesea - Wallan,1,Good,Poor,0
27170,Wodonga (C),20403,Wodonga - Alpine,1,Good,Poor,0
27260,Wyndham (C),21305,Wyndham,1,Good,Poor,0
27350,Yarra (C),20607,Yarra,1,Good,Poor,0
27450,Yarra Ranges (S),21101,Knox,0.000281,Good,Poor,1
27450,Yarra Ranges (S),20401,Upper Goulburn Valley,0.0012446,Acceptable,Poor,1
27450,Yarra Ranges (S),21201,Cardinia,0.0022478,Good,Poor,1
27450,Yarra Ranges (S),21102,Manningham - East,0.0026424,Poor,Poor,1
27450,Yarra Ranges (S),21105,Yarra Ranges,0.9935842,Good,Poor,0
27630,Yarriambiack (S),21501,Grampians,1,Good,Poor,0
29399,Unincorporated Vic,20501,Baw Baw,0.0362872,Good,Poor,0
29399,Unincorporated Vic,20503,Gippsland - South West,0.1338011,Good,Poor,0
29399,Unincorporated Vic,20401,Upper Goulburn Valley,0.2800494,Acceptable,Poor,0
29399,Unincorporated Vic,20403,Wodonga - Alpine,0.5498623,Good,Poor,0
29499,No usual address (Vic.),29999,No usual address (Vic.),1,Good,Poor,0
29799,Migratory - Offshore - Shipping (Vic.),29797,Migratory - Offshore - Shipping (Vic.),1,Good,Poor,0
30250,Aurukun (S),31501,Far North,1,Acceptable,Poor,0
30300,Balonne (S),30701,Darling Downs (West) - Maranoa,1,Acceptable,Poor,0
30370,Banana (S),30804,Biloela,1,Good,Poor,0
30410,Barcaldine (R),31503,Outback - South,1,Good,Poor,0
30450,Barcoo (S),31503,Outback - South,1,Good,Poor,0
30760,Blackall-Tambo (R),31503,Outback - South,1,Good,Poor,0
30900,Boulia (S),31503,Outback - South,1,Good,Poor,0
31000,Brisbane (C),31002,Ipswich Hinterland,2.70E-06,Poor,Poor,1
31000,Brisbane (C),31305,Redcliffe,0.0003248,Poor,Poor,1
31000,Brisbane (C),31003,Ipswich Inner,0.0054802,Poor,Poor,1
31000,Brisbane (C),30101,Capalaba,0.0065537,Poor,Poor,1
31000,Brisbane (C),30401,Centenary,0.028818,Poor,Poor,0
31000,Brisbane (C),30203,Nundah,0.0342579,Poor,Poor,0
31000,Brisbane (C),30304,Nathan,0.0344819,Poor,Poor,0
31000,Brisbane (C),30502,Brisbane Inner - East,0.0359797,Poor,Poor,0
31000,Brisbane (C),30201,Bald Hills - Everton Park,0.0362011,Poor,Poor,0
31000,Brisbane (C),30402,Kenmore - Brookfield - Moggill,0.0402695,Poor,Poor,0
31000,Brisbane (C),30404,The Gap - Enoggera,0.0437345,Poor,Poor,0
31000,Brisbane (C),30306,Sunnybank,0.0440672,Poor,Poor,0
31000,Brisbane (C),30301,Carindale,0.0445204,Poor,Poor,0
31000,Brisbane (C),30403,Sherwood - Indooroopilly,0.0452754,Poor,Poor,0
31000,Brisbane (C),30504,Brisbane Inner - West,0.0493452,Poor,Poor,0
31000,Brisbane (C),30204,Sandgate,0.0514292,Poor,Poor,0
31000,Brisbane (C),30305,Rocklea - Acacia Ridge,0.0527541,Poor,Poor,0
31000,Brisbane (C),30501,Brisbane Inner,0.0585442,Poor,Poor,0
31000,Brisbane (C),30103,Wynnum - Manly,0.0608816,Poor,Poor,0
31000,Brisbane (C),30202,Chermside,0.0609827,Poor,Poor,0
31000,Brisbane (C),30302,Holland Park - Yeronga,0.0629906,Poor,Poor,0
31000,Brisbane (C),30303,Mt Gravatt,0.0631254,Poor,Poor,0
31000,Brisbane (C),31001,Forest Lake - Oxley,0.0639421,Poor,Poor,0
31000,Brisbane (C),30503,Brisbane Inner - North,0.076038,Poor,Poor,0
31750,Bulloo (S),31503,Outback - South,1,Good,Poor,0
31820,Bundaberg (R),31902,Burnett,0.0552547,Good,Poor,0
31820,Bundaberg (R),31901,Bundaberg,0.9447453,Good,Poor,0
31900,Burdekin (S),31802,Townsville,0.003315,Good,Poor,1
31900,Burdekin (S),31801,Charters Towers - Ayr - Ingham,0.996685,Good,Poor,0
31950,Burke (S),31502,Outback - North,1,Good,Poor,0
32080,Cairns (R),30603,Innisfail - Cassowary Coast,0.0221427,Good,Poor,0
32080,Cairns (R),30601,Cairns - North,0.335581,Poor,Poor,0
32080,Cairns (R),30602,Cairns - South,0.6422763,Poor,Poor,0
32250,Carpentaria (S),31502,Outback - North,1,Good,Poor,0
32260,Cassowary Coast (R),30603,Innisfail - Cassowary Coast,1,Good,Poor,0
32270,Central Highlands (R) (Qld),30801,Central Highlands (Qld),1,Good,Poor,0
32310,Charters Towers (R),31801,Charters Towers - Ayr - Ingham,1,Good,Poor,0
32330,Cherbourg (S),31902,Burnett,1,Good,Poor,0
32450,Cloncurry (S),31502,Outback - North,1,Good,Poor,0
32500,Cook (S),31501,Far North,1,Acceptable,Poor,0
32600,Croydon (S),31501,Far North,1,Acceptable,Poor,0
32750,Diamantina (S),31503,Outback - South,1,Good,Poor,0
32770,Doomadgee (S),31502,Outback - North,1,Good,Poor,0
32810,Douglas (S),31501,Far North,0.0096632,Acceptable,Poor,1
32810,Douglas (S),30604,Port Douglas - Daintree,0.9903368,Good,Poor,0
33100,Etheridge (S),31501,Far North,1,Acceptable,Poor,0
33200,Flinders (S) (Qld),31502,Outback - North,1,Good,Poor,0
33220,Fraser Coast (R),31903,Gympie - Cooloola,8.98E-05,Good,Poor,1
33220,Fraser Coast (R),31905,Maryborough,0.4382547,Poor,Poor,0
33220,Fraser Coast (R),31904,Hervey Bay,0.5616555,Poor,Poor,0
33360,Gladstone (R),30805,Gladstone,1,Good,Poor,0
33430,Gold Coast (C),30904,Gold Coast Hinterland,0.0076748,Poor,Poor,1
33430,Gold Coast (C),30905,Mudgeeraba - Tallebudgera,0.0603946,Poor,Poor,0
33430,Gold Coast (C),30910,Surfers Paradise,0.0728705,Poor,Poor,0
33430,Gold Coast (C),30908,Robina,0.0885106,Poor,Poor,0
33430,Gold Coast (C),30902,Coolangatta,0.0959657,Poor,Poor,0
33430,Gold Coast (C),30909,Southport,0.1052585,Poor,Poor,0
33430,Gold Coast (C),30901,Broadbeach - Burleigh,0.1108116,Poor,Poor,0
33430,Gold Coast (C),30903,Gold Coast - North,0.1186616,Poor,Poor,0
33430,Gold Coast (C),30906,Nerang,0.1214976,Poor,Poor,0
33430,Gold Coast (C),30907,Ormeau - Oxenford,0.2183544,Poor,Poor,0
33610,Goondiwindi (R),30701,Darling Downs (West) - Maranoa,1,Acceptable,Poor,0
33620,Gympie (R),31902,Burnett,0.0002023,Good,Poor,1
33620,Gympie (R),31905,Maryborough,0.001516,Poor,Poor,1
33620,Gympie (R),31903,Gympie - Cooloola,0.9982817,Good,Poor,0
33800,Hinchinbrook (S),31801,Charters Towers - Ayr - Ingham,1,Good,Poor,0
33830,Hope Vale (S),31501,Far North,1,Acceptable,Poor,0
33960,Ipswich (C),31002,Ipswich Hinterland,0.0596248,Poor,Poor,0
33960,Ipswich (C),31004,Springfield - Redbank,0.4334684,Poor,Poor,0
33960,Ipswich (C),31003,Ipswich Inner,0.5069068,Poor,Poor,0
33980,Isaac (R),31201,Bowen Basin - North,1,Acceptable,Poor,0
34420,Kowanyama (S),31501,Far North,1,Acceptable,Poor,0
34530,Livingstone (S),30803,Rockhampton,1,Good,Poor,0
34570,Lockhart River (S),31501,Far North,1,Acceptable,Poor,0
34580,Lockyer Valley (R),31701,Toowoomba,0.4872631,Acceptable,Poor,0
34580,Lockyer Valley (R),31002,Ipswich Hinterland,0.5127369,Poor,Poor,0
34590,Logan (C),31102,Beenleigh,0.1347509,Poor,Poor,0
34590,Logan (C),31104,Jimboomba,0.150593,Poor,Poor,0
34590,Logan (C),31105,Loganlea - Carbrook,0.1969407,Poor,Poor,0
34590,Logan (C),31106,Springwood - Kingston,0.2544215,Poor,Poor,0
34590,Logan (C),31103,Browns Plains,0.2632939,Poor,Poor,0
34710,Longreach (R),31503,Outback - South,1,Good,Poor,0
34770,Mackay (R),31202,Mackay,1,Good,Poor,0
34800,McKinlay (S),31502,Outback - North,1,Good,Poor,0
34830,Mapoon (S),31501,Far North,1,Acceptable,Poor,0
34860,Maranoa (R),30701,Darling Downs (West) - Maranoa,1,Acceptable,Poor,0
34880,Mareeba (S),31501,Far North,0.2768085,Acceptable,Poor,0
34880,Mareeba (S),30605,Tablelands (East) - Kuranda,0.7231915,Acceptable,Poor,0
35010,Moreton Bay (R),31303,Caboolture Hinterland,0.0163266,Poor,Poor,0
35010,Moreton Bay (R),31301,Bribie - Beachmere,0.0777424,Poor,Poor,0
35010,Moreton Bay (R),31403,Strathpine,0.0876811,Poor,Poor,0
35010,Moreton Bay (R),31305,Redcliffe,0.138675,Poor,Poor,0
35010,Moreton Bay (R),31304,Narangba - Burpengary,0.1484044,Poor,Poor,0
35010,Moreton Bay (R),31302,Caboolture,0.1591363,Poor,Poor,0
35010,Moreton Bay (R),31402,North Lakes,0.1687314,Poor,Poor,0
35010,Moreton Bay (R),31401,The Hills District,0.2033029,Poor,Poor,0
35250,Mornington (S),31502,Outback - North,1,Good,Poor,0
35300,Mount Isa (C),31502,Outback - North,1,Good,Poor,0
35600,Murweh (S),31503,Outback - South,1,Good,Poor,0
35670,Napranum (S),31501,Far North,1,Acceptable,Poor,0
35740,Noosa (S),31608,Noosa Hinterland,0.3524655,Poor,Poor,0
35740,Noosa (S),31605,Noosa,0.6475345,Poor,Poor,0
35760,North Burnett (R),31902,Burnett,1,Good,Poor,0
35780,Northern Peninsula Area (R),31501,Far North,1,Acceptable,Poor,0
35790,Palm Island (S),31801,Charters Towers - Ayr - Ingham,1,Good,Poor,0
35800,Paroo (S),31503,Outback - South,1,Good,Poor,0
36070,Pormpuraaw (S),31501,Far North,1,Acceptable,Poor,0
36150,Quilpie (S),31503,Outback - South,1,Good,Poor,0
36250,Redland (C),30101,Capalaba,0.4371283,Poor,Poor,0
36250,Redland (C),30102,Cleveland - Stradbroke,0.5628717,Poor,Poor,0
36300,Richmond (S),31502,Outback - North,1,Good,Poor,0
36370,Rockhampton (R),30803,Rockhampton,1,Good,Poor,0
36510,Scenic Rim (R),31002,Ipswich Hinterland,0.2967217,Poor,Poor,0
36510,Scenic Rim (R),31101,Beaudesert,0.3472653,Poor,Poor,0
36510,Scenic Rim (R),30904,Gold Coast Hinterland,0.3560129,Poor,Poor,0
36580,Somerset (R),31303,Caboolture Hinterland,0.2190399,Poor,Poor,0
36580,Somerset (R),31002,Ipswich Hinterland,0.7809601,Poor,Poor,0
36630,South Burnett (R),31902,Burnett,1,Good,Poor,0
36660,Southern Downs (R),30703,Granite Belt,1,Acceptable,Poor,0
36720,Sunshine Coast (R),31608,Noosa Hinterland,0.0119836,Poor,Poor,0
36720,Sunshine Coast (R),31605,Noosa,0.0250548,Poor,Poor,0
36720,Sunshine Coast (R),31607,Nambour,0.1445602,Poor,Poor,0
36720,Sunshine Coast (R),31606,Sunshine Coast Hinterland,0.1685645,Poor,Poor,0
36720,Sunshine Coast (R),31601,Buderim,0.1852117,Poor,Poor,0
36720,Sunshine Coast (R),31603,Maroochy,0.1912219,Poor,Poor,0
36720,Sunshine Coast (R),31602,Caloundra,0.2734034,Poor,Poor,0
36820,Tablelands (R),30605,Tablelands (East) - Kuranda,1,Acceptable,Poor,0
36910,Toowoomba (R),30703,Granite Belt,0.0312067,Acceptable,Poor,0
36910,Toowoomba (R),30702,Darling Downs - East,0.1562925,Poor,Poor,0
36910,Toowoomba (R),31701,Toowoomba,0.8125008,Acceptable,Poor,0
36950,Torres (S),31501,Far North,1,Acceptable,Poor,0
36960,Torres Strait Island (R),31501,Far North,1,Acceptable,Poor,0
37010,Townsville (C),31802,Townsville,1,Good,Poor,0
37300,Weipa (T),31501,Far North,1,Acceptable,Poor,0
37310,Western Downs (R),30701,Darling Downs (West) - Maranoa,0.4907896,Acceptable,Poor,0
37310,Western Downs (R),30702,Darling Downs - East,0.5092104,Poor,Poor,0
37340,Whitsunday (R),31201,Bowen Basin - North,0.3765062,Acceptable,Poor,0
37340,Whitsunday (R),31203,Whitsunday,0.6234938,Poor,Poor,0
37400,Winton (S),31503,Outback - South,1,Good,Poor,0
37550,Woorabinda (S),30801,Central Highlands (Qld),1,Good,Poor,0
37570,Wujal Wujal (S),31501,Far North,1,Acceptable,Poor,0
37600,Yarrabah (S),30603,Innisfail - Cassowary Coast,1,Good,Poor,0
39499,No usual address (Qld),39999,No usual address (Qld),1,Good,Poor,0
39799,Migratory - Offshore - Shipping (Qld),39797,Migratory - Offshore - Shipping (Qld),1,Good,Poor,0
40070,Adelaide (C),40101,Adelaide City,1,Good,Poor,0
40120,Adelaide Hills (DC),40104,Campbelltown (SA),0.0092312,Good,Poor,1
40120,Adelaide Hills (DC),40102,Adelaide Hills,0.9907688,Good,Poor,0
40220,Alexandrina (DC),40701,Fleurieu - Kangaroo Island,1,Good,Poor,0
40250,Anangu Pitjantjatjara (AC),40602,Outback - North and East,1,Good,Poor,0
40310,Barossa (DC),40201,Gawler - Two Wells,0.0233854,Acceptable,Poor,0
40310,Barossa (DC),40501,Barossa,0.9766146,Acceptable,Poor,0
40430,Barunga West (DC),40504,Yorke Peninsula,0.0078388,Good,Poor,1
40430,Barunga West (DC),40502,Lower North,0.9921612,Good,Poor,0
40520,Berri and Barmera (DC),40703,Murray and Mallee,1,Good,Poor,0
40700,Burnside (C),40103,Burnside,1,Good,Poor,0
40910,Campbelltown (C) (SA),40104,Campbelltown (SA),1,Good,Poor,0
41010,Ceduna (DC),40601,Eyre Peninsula and South West,1,Good,Poor,0
41060,Charles Sturt (C),40402,Port Adelaide - West,0.0008601,Poor,Poor,1
41060,Charles Sturt (C),40403,West Torrens,0.0265112,Good,Poor,0
41060,Charles Sturt (C),40401,Charles Sturt,0.9726287,Good,Poor,0
41140,Clare and Gilbert Valleys (DC),40502,Lower North,1,Good,Poor,0
41190,Cleve (DC),40601,Eyre Peninsula and South West,1,Good,Poor,0
41330,Coober Pedy (DC),40602,Outback - North and East,1,Good,Poor,0
41560,Copper Coast (DC),40502,Lower North,0.0010625,Good,Poor,1
41560,Copper Coast (DC),40504,Yorke Peninsula,0.9989375,Good,Poor,0
41750,Elliston (DC),40601,Eyre Peninsula and South West,1,Good,Poor,0
41830,Flinders Ranges (DC),40602,Outback - North and East,1,Good,Poor,0
41960,Franklin Harbour (DC),40601,Eyre Peninsula and South West,1,Good,Poor,0
42030,Gawler (T),40201,Gawler - Two Wells,1,Acceptable,Poor,0
42110,Goyder (DC),40502,Lower North,1,Good,Poor,0
42250,Grant (DC),40702,Limestone Coast,1,Good,Poor,0
42600,Holdfast Bay (C),40403,West Torrens,0.0059603,Good,Poor,1
42600,Holdfast Bay (C),40302,Marion,0.0409526,Good,Poor,0
42600,Holdfast Bay (C),40301,Holdfast Bay,0.9530871,Good,Poor,0
42750,Kangaroo Island (DC),40701,Fleurieu - Kangaroo Island,1,Good,Poor,0
43080,Karoonda East Murray (DC),40703,Murray and Mallee,1,Good,Poor,0
43220,Kimba (DC),40601,Eyre Peninsula and South West,1,Good,Poor,0
43360,Kingston (DC) (SA),40702,Limestone Coast,1,Good,Poor,0
43650,Light (RegC),40201,Gawler - Two Wells,0.3670782,Acceptable,Poor,0
43650,Light (RegC),40501,Barossa,0.6329218,Acceptable,Poor,0
43710,Lower Eyre Peninsula (DC),40601,Eyre Peninsula and South West,1,Good,Poor,0
43790,Loxton Waikerie (DC),40703,Murray and Mallee,1,Good,Poor,0
43920,Mallala (DC),40501,Barossa,0.3616109,Acceptable,Poor,0
43920,Mallala (DC),40201,Gawler - Two Wells,0.6383891,Acceptable,Poor,0
44000,Maralinga Tjarutja (AC),40601,Eyre Peninsula and South West,1,Good,Poor,0
44060,Marion (C),40302,Marion,1,Good,Poor,0
44210,Mid Murray (DC),40703,Murray and Mallee,1,Good,Poor,0
44340,Mitcham (C),40304,Onkaparinga,0.0197386,Good,Poor,0
44340,Mitcham (C),40303,Mitcham,0.9802614,Good,Poor,0
44550,Mount Barker (DC),40102,Adelaide Hills,1,Good,Poor,0
44620,Mount Gambier (C),40702,Limestone Coast,1,Good,Poor,0
44830,Mount Remarkable (DC),40503,Mid North,1,Good,Poor,0
45040,Murray Bridge (RC),40703,Murray and Mallee,1,Good,Poor,0
45090,Naracoorte and Lucindale (DC),40702,Limestone Coast,1,Good,Poor,0
45120,Northern Areas (DC),40503,Mid North,1,Good,Poor,0
45290,Norwood Payneham St Peters (C),40105,Norwood - Payneham - St Peters,1,Good,Poor,0
45340,Onkaparinga (C),40304,Onkaparinga,1,Good,Poor,0
45400,Orroroo/Carrieton (DC),40503,Mid North,1,Good,Poor,0
45540,Peterborough (DC),40503,Mid North,1,Good,Poor,0
45680,Playford (C),40202,Playford,1,Good,Poor,0
45890,Port Adelaide Enfield (C),40205,Tea Tree Gully,0.0067273,Good,Poor,1
45890,Port Adelaide Enfield (C),40402,Port Adelaide - West,0.478596,Poor,Poor,0
45890,Port Adelaide Enfield (C),40203,Port Adelaide - East,0.5146767,Poor,Poor,0
46090,Port Augusta (C),40602,Outback - North and East,1,Good,Poor,0
46300,Port Lincoln (C),40601,Eyre Peninsula and South West,1,Good,Poor,0
46450,Port Pirie City and Dists (M),40502,Lower North,0.0031123,Good,Poor,1
46450,Port Pirie City and Dists (M),40503,Mid North,0.9968877,Good,Poor,0
46510,Prospect (C),40106,Prospect - Walkerville,1,Good,Poor,0
46670,Renmark Paringa (DC),40703,Murray and Mallee,1,Good,Poor,0
46860,Robe (DC),40702,Limestone Coast,1,Good,Poor,0
46970,Roxby Downs (M),40602,Outback - North and East,1,Good,Poor,0
47140,Salisbury (C),40202,Playford,0.0055903,Good,Poor,1
47140,Salisbury (C),40203,Port Adelaide - East,0.0196965,Poor,Poor,0
47140,Salisbury (C),40204,Salisbury,0.9747132,Good,Poor,0
47290,Southern Mallee (DC),40703,Murray and Mallee,1,Good,Poor,0
47490,Streaky Bay (DC),40601,Eyre Peninsula and South West,1,Good,Poor,0
47630,Tatiara (DC),40702,Limestone Coast,1,Good,Poor,0
47700,Tea Tree Gully (C),40204,Salisbury,0.0219104,Good,Poor,0
47700,Tea Tree Gully (C),40203,Port Adelaide - East,0.0288009,Poor,Poor,0
47700,Tea Tree Gully (C),40205,Tea Tree Gully,0.9492887,Good,Poor,0
47800,The Coorong (DC),40703,Murray and Mallee,1,Good,Poor,0
47910,Tumby Bay (DC),40601,Eyre Peninsula and South West,1,Good,Poor,0
47980,Unley (C),40107,Unley,1,Good,Poor,0
48050,Victor Harbor (C),40701,Fleurieu - Kangaroo Island,1,Good,Poor,0
48130,Wakefield (DC),40502,Lower North,1,Good,Poor,0
48260,Walkerville (M),40106,Prospect - Walkerville,1,Good,Poor,0
48340,Wattle Range (DC),40702,Limestone Coast,1,Good,Poor,0
48410,West Torrens (C),40403,West Torrens,1,Good,Poor,0
48540,Whyalla (C),40601,Eyre Peninsula and South West,1,Good,Poor,0
48640,Wudinna (DC),40601,Eyre Peninsula and South West,1,Good,Poor,0
48750,Yankalilla (DC),40701,Fleurieu - Kangaroo Island,1,Good,Poor,0
48830,Yorke Peninsula (DC),40504,Yorke Peninsula,1,Good,Poor,0
49399,Unincorporated SA,40703,Murray and Mallee,0.0016438,Good,Poor,1
49399,Unincorporated SA,40601,Eyre Peninsula and South West,0.1057951,Good,Poor,0
49399,Unincorporated SA,40602,Outback - North and East,0.8925611,Good,Poor,0
49499,No usual address (SA),49999,No usual address (SA),1,Good,Poor,0
49799,Migratory - Offshore - Shipping (SA),49797,Migratory - Offshore - Shipping (SA),1,Good,Poor,0
50080,Albany (C),50901,Albany,1,Good,Poor,0
50210,Armadale (C),50601,Armadale,1,Good,Poor,0
50250,Ashburton (S),51003,West Pilbara,1,Good,Poor,0
50280,Augusta-Margaret River (S),50101,Augusta - Margaret River - Busselton,1,Good,Poor,0
50350,Bassendean (T),50401,Bayswater - Bassendean,1,Good,Poor,0
50420,Bayswater (C),50302,Perth City,0.0112862,Poor,Poor,0
50420,Bayswater (C),50401,Bayswater - Bassendean,0.9887138,Good,Poor,0
50490,Belmont (C),50602,Belmont - Victoria Park,1,Good,Poor,0
50560,Beverley (S),50902,Wheat Belt - North,1,Good,Poor,0
50630,Boddington (S),50903,Wheat Belt - South,1,Good,Poor,0
50770,Boyup Brook (S),50103,Manjimup,1,Good,Poor,0
50840,Bridgetown-Greenbushes (S),50103,Manjimup,1,Good,Poor,0
50910,Brookton (S),50903,Wheat Belt - South,1,Good,Poor,0
50980,Broome (S),51001,Kimberley,1,Good,Poor,0
51080,Broomehill-Tambellup (S),50901,Albany,1,Good,Poor,0
51120,Bruce Rock (S),50902,Wheat Belt - North,1,Good,Poor,0
51190,Bunbury (C),50102,Bunbury,1,Good,Poor,0
51260,Busselton (C),50102,Bunbury,0.002082,Good,Poor,1
51260,Busselton (C),50101,Augusta - Margaret River - Busselton,0.997918,Good,Poor,0
51310,Cambridge (T),50302,Perth City,0.4855301,Poor,Poor,0
51310,Cambridge (T),50301,Cottesloe - Claremont,0.5144699,Acceptable,Poor,0
51330,Canning (C),50704,Melville,0.0054062,Good,Poor,1
51330,Canning (C),50603,Canning,0.9945938,Good,Poor,0
51400,Capel (S),50102,Bunbury,1,Good,Poor,0
51470,Carnamah (S),51104,Mid West,1,Good,Poor,0
51540,Carnarvon (S),51102,Gascoyne,1,Good,Poor,0
51610,Chapman Valley (S),51104,Mid West,1,Good,Poor,0
51680,Chittering (S),50902,Wheat Belt - North,1,Good,Poor,0
51750,Claremont (T),50301,Cottesloe - Claremont,1,Acceptable,Poor,0
51820,Cockburn (C),50702,Fremantle,0.0032045,Good,Poor,1
51820,Cockburn (C),50704,Melville,0.0201296,Good,Poor,0
51820,Cockburn (C),50701,Cockburn,0.9766659,Good,Poor,0
51890,Collie (S),50102,Bunbury,1,Good,Poor,0
51960,Coolgardie (S),51103,Goldfields,1,Good,Poor,0
52030,Coorow (S),51104,Mid West,1,Good,Poor,0
52100,Corrigin (S),50903,Wheat Belt - South,1,Good,Poor,0
52170,Cottesloe (T),50301,Cottesloe - Claremont,1,Acceptable,Poor,0
52240,Cranbrook (S),50901,Albany,1,Good,Poor,0
52310,Cuballing (S),50903,Wheat Belt - South,1,Good,Poor,0
52380,Cue (S),51104,Mid West,1,Good,Poor,0
52450,Cunderdin (S),50902,Wheat Belt - North,1,Good,Poor,0
52520,Dalwallinu (S),50902,Wheat Belt - North,1,Good,Poor,0
52590,Dandaragan (S),50902,Wheat Belt - North,1,Good,Poor,0
52660,Dardanup (S),50102,Bunbury,1,Good,Poor,0
52730,Denmark (S),50901,Albany,1,Good,Poor,0
52800,Derby-West Kimberley (S),51001,Kimberley,1,Good,Poor,0
52870,Donnybrook-Balingup (S),50103,Manjimup,1,Good,Poor,0
52940,Dowerin (S),50902,Wheat Belt - North,1,Good,Poor,0
53010,Dumbleyung (S),50903,Wheat Belt - South,1,Good,Poor,0
53080,Dundas (S),51103,Goldfields,1,Good,Poor,0
53150,East Fremantle (T),50702,Fremantle,1,Good,Poor,0
53220,East Pilbara (S),51002,East Pilbara,1,Good,Poor,0
53290,Esperance (S),51101,Esperance,1,Good,Poor,0
53360,Exmouth (S),51102,Gascoyne,1,Good,Poor,0
53430,Fremantle (C),50702,Fremantle,1,Good,Poor,0
53570,Gingin (S),50902,Wheat Belt - North,1,Good,Poor,0
53640,Gnowangerup (S),50901,Albany,1,Good,Poor,0
53710,Goomalling (S),50902,Wheat Belt - North,1,Good,Poor,0
53780,Gosnells (C),50604,Gosnells,1,Good,Poor,0
53800,Greater Geraldton (C),51104,Mid West,1,Good,Poor,0
53920,Halls Creek (S),51001,Kimberley,1,Good,Poor,0
53990,Harvey (S),50102,Bunbury,1,Good,Poor,0
54060,Irwin (S),51104,Mid West,1,Good,Poor,0
54130,Jerramungup (S),50901,Albany,1,Good,Poor,0
54170,Joondalup (C),50501,Joondalup,1,Good,Poor,0
54200,Kalamunda (S),50605,Kalamunda,1,Good,Poor,0
54280,Kalgoorlie/Boulder (C),51103,Goldfields,1,Good,Poor,0
54310,Karratha (C),51003,West Pilbara,1,Good,Poor,0
54340,Katanning (S),50901,Albany,1,Good,Poor,0
54410,Kellerberrin (S),50902,Wheat Belt - North,1,Good,Poor,0
54480,Kent (S),50901,Albany,1,Good,Poor,0
54550,Kojonup (S),50901,Albany,1,Good,Poor,0
54620,Kondinin (S),50903,Wheat Belt - South,1,Good,Poor,0
54690,Koorda (S),50902,Wheat Belt - North,1,Good,Poor,0
54760,Kulin (S),50903,Wheat Belt - South,1,Good,Poor,0
54830,Kwinana (C),50703,Kwinana,1,Good,Poor,0
54900,Lake Grace (S),50903,Wheat Belt - South,1,Good,Poor,0
54970,Laverton (S),51103,Goldfields,1,Good,Poor,0
55040,Leonora (S),51103,Goldfields,1,Good,Poor,0
55110,Mandurah (C),50201,Mandurah,1,Good,Poor,0
55180,Manjimup (S),50103,Manjimup,1,Good,Poor,0
55250,Meekatharra (S),51104,Mid West,1,Good,Poor,0
55320,Melville (C),50704,Melville,1,Good,Poor,0
55390,Menzies (S),51103,Goldfields,1,Good,Poor,0
55460,Merredin (S),50902,Wheat Belt - North,1,Good,Poor,0
55530,Mingenew (S),51104,Mid West,1,Good,Poor,0
55600,Moora (S),50902,Wheat Belt - North,1,Good,Poor,0
55670,Morawa (S),51104,Mid West,1,Good,Poor,0
55740,Mosman Park (T),50301,Cottesloe - Claremont,1,Acceptable,Poor,0
55810,Mount Magnet (S),51104,Mid West,1,Good,Poor,0
55880,Mount Marshall (S),50902,Wheat Belt - North,1,Good,Poor,0
55950,Mukinbudin (S),50902,Wheat Belt - North,1,Good,Poor,0
56090,Mundaring (S),50403,Swan,0.0180312,Good,Poor,0
56090,Mundaring (S),50402,Mundaring,0.9819688,Acceptable,Poor,0
56160,Murchison (S),51104,Mid West,1,Good,Poor,0
56230,Murray (S),50606,Serpentine - Jarrahdale,0.0024579,Good,Poor,1
56230,Murray (S),50903,Wheat Belt - South,0.0436427,Good,Poor,0
56230,Murray (S),50201,Mandurah,0.9538994,Good,Poor,0
56300,Nannup (S),50103,Manjimup,1,Good,Poor,0
56370,Narembeen (S),50902,Wheat Belt - North,1,Good,Poor,0
56460,Narrogin (S),50903,Wheat Belt - South,1,Good,Poor,0
56580,Nedlands (C),50302,Perth City,0.0042133,Poor,Poor,1
56580,Nedlands (C),50301,Cottesloe - Claremont,0.9957867,Acceptable,Poor,0
56620,Ngaanyatjarraku (S),51103,Goldfields,1,Good,Poor,0
56730,Northam (S),50902,Wheat Belt - North,1,Good,Poor,0
56790,Northampton (S),51104,Mid West,1,Good,Poor,0
56860,Nungarin (S),50902,Wheat Belt - North,1,Good,Poor,0
56930,Peppermint Grove (S),50301,Cottesloe - Claremont,1,Acceptable,Poor,0
57000,Perenjori (S),51104,Mid West,1,Good,Poor,0
57080,Perth (C),50301,Cottesloe - Claremont,0.0756798,Acceptable,Poor,0
57080,Perth (C),50302,Perth City,0.9243202,Poor,Poor,0
57140,Pingelly (S),50903,Wheat Belt - South,1,Good,Poor,0
57210,Plantagenet (S),50901,Albany,1,Good,Poor,0
57280,Port Hedland (T),51002,East Pilbara,1,Good,Poor,0
57350,Quairading (S),50902,Wheat Belt - North,1,Good,Poor,0
57420,Ravensthorpe (S),51101,Esperance,1,Good,Poor,0
57490,Rockingham (C),50705,Rockingham,1,Good,Poor,0
57630,Sandstone (S),51104,Mid West,1,Good,Poor,0
57700,Serpentine-Jarrahdale (S),50606,Serpentine - Jarrahdale,1,Good,Poor,0
57770,Shark Bay (S),51102,Gascoyne,1,Good,Poor,0
57840,South Perth (C),50607,South Perth,1,Good,Poor,0
57910,Stirling (C),50302,Perth City,0.0847667,Poor,Poor,0
57910,Stirling (C),50502,Stirling,0.9152333,Good,Poor,0
57980,Subiaco (C),50301,Cottesloe - Claremont,0.1643649,Acceptable,Poor,0
57980,Subiaco (C),50302,Perth City,0.8356351,Poor,Poor,0
58050,Swan (C),50503,Wanneroo,0.000217,Good,Poor,1
58050,Swan (C),50401,Bayswater - Bassendean,0.0105043,Good,Poor,0
58050,Swan (C),50402,Mundaring,0.0337053,Acceptable,Poor,0
58050,Swan (C),50403,Swan,0.9555734,Good,Poor,0
58190,Tammin (S),50902,Wheat Belt - North,1,Good,Poor,0
58260,Three Springs (S),51104,Mid West,1,Good,Poor,0
58330,Toodyay (S),50902,Wheat Belt - North,1,Good,Poor,0
58400,Trayning (S),50902,Wheat Belt - North,1,Good,Poor,0
58470,Upper Gascoyne (S),51102,Gascoyne,1,Good,Poor,0
58510,Victoria Park (T),50603,Canning,0.1108375,Good,Poor,0
58510,Victoria Park (T),50602,Belmont - Victoria Park,0.8891624,Good,Poor,0
58540,Victoria Plains (S),50902,Wheat Belt - North,1,Good,Poor,0
58570,Vincent (C),50302,Perth City,1,Poor,Poor,0
58610,Wagin (S),50903,Wheat Belt - South,1,Good,Poor,0
58680,Wandering (S),50903,Wheat Belt - South,1,Good,Poor,0
58760,Wanneroo (C),50501,Joondalup,0.0015525,Good,Poor,1
58760,Wanneroo (C),50503,Wanneroo,0.9984475,Good,Poor,0
58820,Waroona (S),50102,Bunbury,1,Good,Poor,0
58890,West Arthur (S),50903,Wheat Belt - South,1,Good,Poor,0
59030,Westonia (S),50902,Wheat Belt - North,1,Good,Poor,0
59100,Wickepin (S),50903,Wheat Belt - South,1,Good,Poor,0
59170,Williams (S),50903,Wheat Belt - South,1,Good,Poor,0
59250,Wiluna (S),51104,Mid West,1,Good,Poor,0
59310,Wongan-Ballidu (S),50902,Wheat Belt - North,1,Good,Poor,0
59320,Woodanilling (S),50901,Albany,1,Good,Poor,0
59330,Wyalkatchem (S),50902,Wheat Belt - North,1,Good,Poor,0
59340,Wyndham-East Kimberley (S),51001,Kimberley,1,Good,Poor,0
59350,Yalgoo (S),51104,Mid West,1,Good,Poor,0
59360,Yilgarn (S),50902,Wheat Belt - North,1,Good,Poor,0
59370,York (S),50902,Wheat Belt - North,1,Good,Poor,0
59499,No usual address (WA),59999,No usual address (WA),1,Good,Poor,0
59799,Migratory - Offshore - Shipping (WA),59797,Migratory - Offshore - Shipping (WA),1,Good,Poor,0
60210,Break O'Day (M),60203,North East,1,Acceptable,Poor,0
60410,Brighton (M),60101,Brighton,1,Good,Poor,0
60610,Burnie (C),60401,Burnie - Ulverstone,1,Acceptable,Poor,0
60810,Central Coast (M) (Tas.),60402,Devonport,0.1277984,Good,Poor,0
60810,Central Coast (M) (Tas.),60401,Burnie - Ulverstone,0.8722016,Acceptable,Poor,0
61010,Central Highlands (M) (Tas.),60301,Central Highlands (Tas.),1,Acceptable,Poor,0
61210,Circular Head (M),60403,West Coast,1,Acceptable,Poor,0
61410,Clarence (C),60101,Brighton,0.0101026,Good,Poor,0
61410,Clarence (C),60106,Sorell - Dodges Ferry,0.0302189,Acceptable,Poor,0
61410,Clarence (C),60102,Hobart - North East,0.9596785,Good,Poor,0
61510,Derwent Valley (M),60301,Central Highlands (Tas.),0.2998862,Acceptable,Poor,0
61510,Derwent Valley (M),60103,Hobart - North West,0.7001138,Good,Poor,0
61610,Devonport (C),60402,Devonport,1,Good,Poor,0
61810,Dorset (M),60203,North East,1,Acceptable,Poor,0
62010,Flinders (M) (Tas.),60203,North East,1,Acceptable,Poor,0
62210,George Town (M),60203,North East,1,Acceptable,Poor,0
62410,Glamorgan/Spring Bay (M),60106,Sorell - Dodges Ferry,0.001816,Acceptable,Poor,1
62410,Glamorgan/Spring Bay (M),60301,Central Highlands (Tas.),0.0031746,Acceptable,Poor,1
62410,Glamorgan/Spring Bay (M),60303,South East Coast,0.9950094,Good,Poor,0
62610,Glenorchy (C),60105,Hobart Inner,0.002077,Good,Poor,1
62610,Glenorchy (C),60103,Hobart - North West,0.997923,Good,Poor,0
62810,Hobart (C),60103,Hobart - North West,4.64E-05,Good,Poor,1
62810,Hobart (C),60104,Hobart - South and West,0.0004791,Good,Poor,1
62810,Hobart (C),60105,Hobart Inner,0.9994745,Good,Poor,0
63010,Huon Valley (M),60302,Huon - Bruny Island,1,Acceptable,Poor,0
63210,Kentish (M),60402,Devonport,1,Good,Poor,0
63410,King Island (M),60403,West Coast,1,Acceptable,Poor,0
63610,Kingborough (M),60105,Hobart Inner,0.0014266,Good,Poor,1
63610,Kingborough (M),60302,Huon - Bruny Island,0.0818755,Acceptable,Poor,0
63610,Kingborough (M),60104,Hobart - South and West,0.9166979,Good,Poor,0
63810,Latrobe (M) (Tas.),60402,Devonport,1,Good,Poor,0
64010,Launceston (C),60203,North East,0.0614632,Acceptable,Poor,0
64010,Launceston (C),60201,Launceston,0.9385368,Acceptable,Poor,0
64210,Meander Valley (M),60201,Launceston,0.333472,Acceptable,Poor,0
64210,Meander Valley (M),60202,Meander Valley - West Tamar,0.666528,Poor,Poor,0
64610,Northern Midlands (M),60202,Meander Valley - West Tamar,0.0070938,Poor,Poor,1
64610,Northern Midlands (M),60203,North East,0.9929062,Acceptable,Poor,0
64810,Sorell (M),60106,Sorell - Dodges Ferry,1,Acceptable,Poor,0
65010,Southern Midlands (M),60301,Central Highlands (Tas.),1,Acceptable,Poor,0
65210,Tasman (M),60303,South East Coast,1,Good,Poor,0
65410,Waratah/Wynyard (M),60403,West Coast,0.2620724,Acceptable,Poor,0
65410,Waratah/Wynyard (M),60401,Burnie - Ulverstone,0.7379276,Acceptable,Poor,0
65610,West Coast (M),60403,West Coast,1,Acceptable,Poor,0
65810,West Tamar (M),60202,Meander Valley - West Tamar,0.4181662,Poor,Poor,0
65810,West Tamar (M),60201,Launceston,0.5818338,Acceptable,Poor,0
69499,No usual address (Tas.),69999,No usual address (Tas.),1,Good,Poor,0
69799,Migratory - Offshore - Shipping (Tas.),69797,Migratory - Offshore - Shipping (Tas.),1,Good,Poor,0
70200,Alice Springs (T),70201,Alice Springs,1,Good,Poor,0
70420,Barkly (R),70201,Alice Springs,0.0884077,Good,Poor,0
70420,Barkly (R),70202,Barkly,0.9115923,Good,Poor,0
70540,Belyuen (S),70203,Daly - Tiwi - West Arnhem,1,Poor,Poor,0
70620,Central Desert (R),70205,Katherine,2.07E-05,Good,Poor,1
70620,Central Desert (R),70201,Alice Springs,0.9999793,Good,Poor,0
70700,Coomalie (S),70203,Daly - Tiwi - West Arnhem,1,Poor,Poor,0
71000,Darwin (C),70101,Darwin City,0.3150246,Poor,Poor,0
71000,Darwin (C),70102,Darwin Suburbs,0.6849754,Poor,Poor,0
71300,East Arnhem (R),70203,Daly - Tiwi - West Arnhem,2.00E-06,Poor,Poor,1
71300,East Arnhem (R),70204,East Arnhem,0.999998,Poor,Poor,0
72200,Katherine (T),70205,Katherine,1,Good,Poor,0
72300,Litchfield (M),70102,Darwin Suburbs,0.0146713,Poor,Poor,0
72300,Litchfield (M),70103,Litchfield,0.9853287,Good,Poor,0
72330,MacDonnell (R),70201,Alice Springs,1,Good,Poor,0
72800,Palmerston (C),70104,Palmerston,1,Good,Poor,0
73600,Roper Gulf (R),70205,Katherine,1,Good,Poor,0
74050,Tiwi Islands (R),70203,Daly - Tiwi - West Arnhem,1,Poor,Poor,0
74550,Victoria Daly (R),70203,Daly - Tiwi - West Arnhem,0.4409445,Poor,Poor,0
74550,Victoria Daly (R),70205,Katherine,0.5590555,Good,Poor,0
74560,Wagait (S),70203,Daly - Tiwi - West Arnhem,1,Poor,Poor,0
74660,West Arnhem (R),70204,East Arnhem,2.00E-07,Poor,Poor,1
74660,West Arnhem (R),70203,Daly - Tiwi - West Arnhem,0.9999998,Poor,Poor,0
74680,West Daly (R),70203,Daly - Tiwi - West Arnhem,1,Poor,Poor,0
79399,Unincorporated NT,70102,Darwin Suburbs,0.0019827,Poor,Poor,1
79399,Unincorporated NT,70101,Darwin City,0.0513936,Poor,Poor,0
79399,Unincorporated NT,70201,Alice Springs,0.1560146,Good,Poor,0
79399,Unincorporated NT,70203,Daly - Tiwi - West Arnhem,0.2184099,Poor,Poor,0
79399,Unincorporated NT,70204,East Arnhem,0.5721992,Poor,Poor,0
79499,No usual address (NT),79999,No usual address (NT),1,Good,Poor,0
79799,Migratory - Offshore - Shipping (NT),79797,Migratory - Offshore - Shipping (NT),1,Good,Poor,0
89399,Unincorporated ACT,80111,Uriarra - Namadgi,0.0015054,Poor,Poor,1
89399,Unincorporated ACT,80103,Canberra East,0.0039678,Poor,Poor,1
89399,Unincorporated ACT,80110,Molonglo,0.0116177,Poor,Poor,0
89399,Unincorporated ACT,80108,Weston Creek,0.0580087,Poor,Poor,0
89399,Unincorporated ACT,80106,South Canberra,0.0681808,Poor,Poor,0
89399,Unincorporated ACT,80109,Woden Valley,0.0878289,Poor,Poor,0
89399,Unincorporated ACT,80105,North Canberra,0.1303569,Poor,Poor,0
89399,Unincorporated ACT,80104,Gungahlin,0.1804252,Poor,Poor,0
89399,Unincorporated ACT,80107,Tuggeranong,0.2156521,Poor,Poor,0
89399,Unincorporated ACT,80101,Belconnen,0.2424565,Poor,Poor,0
89499,No usual address (ACT),89999,No usual address (ACT),1,Good,Poor,0
89799,Migratory - Offshore - Shipping (ACT),89797,Migratory - Offshore - Shipping (ACT),1,Good,Poor,0
99399,Unincorp. Other Territories,11401,Shoalhaven,5.00E-07,Good,Poor,1
99399,Unincorp. Other Territories,90102,Cocos (Keeling) Islands,6.40E-05,Poor,Poor,1
99399,Unincorp. Other Territories,90104,Norfolk Island,0.0002085,Poor,Poor,1
99399,Unincorp. Other Territories,90101,Christmas Island,0.0002161,Poor,Poor,1
99399,Unincorp. Other Territories,90103,Jervis Bay,0.9995108,Good,Poor,0
99499,No usual address (OT),99999,No usual address (OT),1,Good,Poor,0
99799,Migratory - Offshore - Shipping (OT),99797,Migratory - Offshore - Shipping (OT),1,Good,Poor,0
,,ZZZZZ,Outside Australia,,NA,Poor,3
